pera;1610272225890
pera;1610272496044
pera;1610272650650
pera;1610272666858
pera;1610272695099
bojan;1610272749478
kupac;1610279273406
kupac;1610279275917
kupac;1610300513844
kupac;1610300516467
kupac;1610300537363
Jovana;1610817375491
pera;1611062473299
Test;1611063678418
Test;1611063680243
Test;1611063681954
Test;1611063683546
Test;1611063684993
pera;1611090514866
pera;1611146065470
pera;1611146914678
bojan;1611152810973
bojan;1611152813044
pera;1611152994155
joko;1611360867610
joko;1611360869258
joko;1611360870698
joko;1611360995330
